id;address;latitude;longitude;url;title;content;thumbnail;is_featured;price_per_person;phone;email;website;comment;disable_booking;view_count;created_by;created_date;updated_by;update_date
1;Salad Granite application;67993;14529;https://andrew.com;Fresh partnerships Usability;Fundamental Handcrafted;innovate architect;true;62429;579.378.2054;Ethel.Stark3@yahoo.com;Baby Analyst Cheese;../fake-data/blob/hipster.txt;true;99078;lavender;2021-09-21T04:42:28;2021-09-20T17:36:02;2021-09-21T05:04:08
2;FTP Future;30200;34820;http://tod.name;Salad;Consultant indexing;Tasty e-markets FTP;true;65631;1-506-741-0133;Karianne.Carter19@hotmail.com;Ball Corners;../fake-data/blob/hipster.txt;true;24177;Car Hawaii;2021-09-20T21:44:02;2021-09-21T15:12:26;2021-09-21T08:53:30
3;Account Dirham;36081;61358;https://dexter.biz;engineer;Advanced encoding;Iraq index;false;94710;(737) 325-2203 x4227;Emanuel.Deckow33@gmail.com;Sausages out-of-the-box bifurcated;../fake-data/blob/hipster.txt;true;336;white Pine Bedfordshire;2021-09-20T16:52:38;2021-09-21T06:50:03;2021-09-21T00:29:25
4;Grocery Concrete area;91414;99417;https://shany.org;connecting Account;Metal e-markets;auxiliary Tuna;false;10728;389-573-2813;Joana44@hotmail.com;even-keeled Human Visionary;../fake-data/blob/hipster.txt;false;39143;Engineer;2021-09-21T13:46:51;2021-09-21T01:39:57;2021-09-21T03:36:12
5;Kyat;68345;37040;https://adrian.name;UIC-Franc Persevering;firmware;Checking;true;75862;582.900.6416;Faye_Gislason61@gmail.com;Cheese Directives;../fake-data/blob/hipster.txt;true;41139;Optimized Garden;2021-09-21T12:13:10;2021-09-20T16:24:17;2021-09-20T23:12:50
6;Proactive Communications Islands;52498;57024;http://dangelo.net;Unbranded FTP Interactions;Rubber Wooden override;Re-engineered Optimization magenta;true;90676;(213) 300-6653 x578;Myrtie18@yahoo.com;improvement;../fake-data/blob/hipster.txt;false;95127;AI robust;2021-09-21T02:11:05;2021-09-21T09:15:39;2021-09-21T06:37:20
7;payment;32214;78518;https://darrel.org;Seamless Fresh;transform;grow;true;16209;341-948-8467 x077;Vida.Conn61@hotmail.com;Cambridgeshire Table SQL;../fake-data/blob/hipster.txt;true;98652;hack indexing;2021-09-20T19:48:13;2021-09-21T10:45:45;2021-09-21T14:18:23
8;XML 1080p;52703;67234;https://fiona.info;AGP dot-com bypass;Avon Cross-platform;transmitting Oklahoma;true;21911;(554) 901-2770;Cesar.Botsford@hotmail.com;backing Granite auxiliary;../fake-data/blob/hipster.txt;true;92973;portals Games Cuban;2021-09-21T07:36:31;2021-09-21T07:57:19;2021-09-21T14:18:05
9;Corporate RAM;67166;26041;http://jerrold.info;Mouse;synergistic 1080p matrix;communities;false;35850;(450) 584-8817;Jamar.Johnston@gmail.com;Customizable;../fake-data/blob/hipster.txt;true;23403;Upgradable;2021-09-20T19:20:07;2021-09-21T06:38:04;2021-09-20T20:41:59
10;withdrawal Berkshire;80345;95668;http://edgardo.biz;turquoise Colorado Armenia;Pizza bypassing Rubber;panel;false;13363;1-682-225-7475;Magdalena80@hotmail.com;sexy Borders;../fake-data/blob/hipster.txt;true;25024;Nebraska Associate Lead;2021-09-21T06:43:07;2021-09-21T08:29:29;2021-09-20T22:49:04
